House Age,Construction Type,Marital Status,Number of Bedrooms,Coverage Type,Premium
14,Wood,Single,4,Standard,2264.84977115543
90,Brick,Single,4,Premium,4281.548429709055
39,Concrete,Divorced,2,Standard,3714.4411207362505
27,Brick,Single,3,Basic,2032.0185459707727
5,Concrete,Single,3,Basic,1778.0686508081099
5,Brick,Married,4,Basic,1249.6168179269303
1,Brick,Married,5,Basic,1644.2982107066455
60,Concrete,Married,1,Basic,2380.3507938273915
27,Wood,Single,4,Standard,2442.061753183867
36,Wood,Married,2,Basic,1535.939847430473
0,Wood,Single,3,Basic,1186.9759166542558
100,Concrete,Single,2,Basic,3090.870707725872
53,Concrete,Divorced,3,Standard,3578.056620183131
7,Wood,Single,3,Basic,603.2103809367029
6,Brick,Married,3,Standard,2451.2904406559296
6,Concrete,Married,3,Basic,2328.0269219725997
10,Wood,Single,4,Premium,3184.543121442606
22,Brick,Married,3,Premium,3820.927110587124
16,Concrete,Single,2,Basic,1864.37550542616
10,Wood,Married,4,Basic,891.0564454374464
28,Brick,Divorced,2,Basic,1542.996780786167
4,Wood,Married,3,Basic,1082.7142329097962
10,Concrete,Divorced,4,Standard,3003.293684161567
13,Concrete,Single,3,Premium,4009.2866265429993
18,Concrete,Married,2,Standard,2698.161027404205
46,Wood,Single,3,Premium,3745.7734752692286
6,Concrete,Married,5,Basic,2221.6632727235897
21,Concrete,Divorced,3,Basic,2595.826663537855
26,Wood,Single,4,Standard,2818.6243551622724
1,Concrete,Married,3,Basic,1935.6862105834768
28,Wood,Single,2,Standard,1777.4653802357952
5,Brick,Married,3,Basic,874.2306366799988
2,Wood,Married,4,Basic,678.3888780919625
89,Wood,Divorced,2,Premium,3277.849552530402
100,Wood,Married,2,Basic,2213.5408882384513
49,Brick,Single,2,Premium,3824.747376168084
10,Wood,Single,3,Premium,3166.8813572275963
3,Brick,Single,6,Standard,2263.8736973194623
34,Wood,Single,2,Standard,1780.6100712348216
17,Wood,Single,3,Standard,2386.123932933886
3,Brick,Married,2,Premium,3416.032233714776
20,Brick,Married,6,Basic,2055.838416394321
1,Wood,Married,2,Basic,979.4527075800368
72,Brick,Single,3,Standard,3660.7393418407446
8,Concrete,Married,4,Basic,2113.6872609388847
32,Brick,Married,4,Basic,1940.810940797421
11,Wood,Single,3,Basic,1117.7790756193915
22,Wood,Married,3,Standard,2887.632890582198
23,Concrete,Married,3,Premium,3550.1931206742925
6,Wood,Single,2,Basic,1064.9669044366424
100,Concrete,Married,2,Premium,4765.559325372281
44,Brick,Married,3,Standard,3060.0315178552537
84,Concrete,Single,2,Premium,4442.7882338015825
67,Brick,Divorced,2,Standard,2955.310490742465
27,Concrete,Married,4,Standard,3583.4231738396484
76,Wood,Married,6,Basic,3093.8730603131526
2,Brick,Married,3,Premium,3712.4108568206216
6,Wood,Married,2,Basic,605.5803205908474
1,Wood,Married,2,Premium,2682.872095393189
11,Brick,Married,6,Premium,3873.975767484844
14,Concrete,Single,2,Basic,1401.3070482109956
9,Concrete,Married,2,Basic,1790.9729424895688
52,Brick,Married,3,Standard,3189.8487245465235
13,Wood,Married,3,Basic,697.7303642769614
9,Wood,Single,3,Premium,3354.544795315178
23,Brick,Married,2,Basic,1676.3324463253014
4,Wood,Single,1,Basic,500.0
48,Wood,Single,6,Premium,3837.541108798646
2,Wood,Single,2,Standard,2299.49654229231
100,Wood,Single,4,Premium,4320.06434405176
44,Wood,Married,4,Basic,1542.6350964694443
6,Wood,Married,3,Standard,1938.6950049117047
0,Wood,Single,3,Standard,1972.982721135498
50,Wood,Married,2,Standard,2146.470932617309
36,Concrete,Married,3,Standard,2678.5751482842957
39,Wood,Married,4,Standard,3102.6533731604195
44,Wood,Single,5,Basic,1736.5974997598205
2,Brick,Married,2,Basic,1439.444179536761
13,Wood,Divorced,2,Standard,1912.6276750369275
3,Concrete,Married,5,Basic,2059.4649597826237
59,Brick,Single,4,Standard,3134.222655715369
29,Wood,Single,4,Basic,910.1815713417066
12,Wood,Married,2,Standard,2603.1259494159913
1,Concrete,Divorced,3,Standard,2589.646400473281
11,Concrete,Married,4,Basic,1900.4101148458462
11,Wood,Married,4,Basic,1077.92223868408
39,Brick,Single,3,Basic,2226.422717455713
30,Wood,Married,1,Standard,1954.3526997787963
65,Concrete,Married,3,Premium,4229.159261190861
19,Wood,Single,2,Basic,1366.3015082272018
3,Concrete,Married,3,Standard,3199.3001880356446
37,Brick,Divorced,6,Basic,2431.530487164936
42,Brick,Single,3,Basic,2084.720272351252
24,Brick,Married,4,Premium,4558.308570174735
44,Wood,Single,2,Basic,1895.5284685108336
20,Wood,Married,4,Basic,1093.9853970990114
22,Wood,Married,6,Basic,2107.1654978433457
16,Wood,Married,2,Basic,1074.95045692767
0,Brick,Married,1,Basic,1299.728744841325
3,Wood,Single,3,Basic,500.0
0,Wood,Divorced,2,Standard,1748.8842703835412
30,Concrete,Married,4,Basic,2156.1529228990307
11,Concrete,Single,5,Standard,3608.417644467993
21,Concrete,Married,3,Basic,2481.3241501208413
71,Concrete,Married,2,Basic,1887.6540946951066
8,Wood,Single,3,Standard,2023.3895407987188
15,Wood,Married,4,Premium,3586.558451438276
42,Brick,Divorced,1,Basic,1513.9963113059664
7,Brick,Single,3,Premium,3738.7190935007093
2,Wood,Divorced,3,Standard,2075.349640288125
10,Concrete,Single,3,Standard,3152.498069585788
5,Wood,Single,2,Standard,1768.6055065795108
79,Wood,Single,4,Basic,1525.025758759287
49,Brick,Married,2,Basic,1453.5409557724918
30,Brick,Married,2,Standard,2812.8057543365953
61,Brick,Single,4,Basic,2215.837476655665
48,Wood,Married,4,Premium,3538.4463266178327
6,Concrete,Married,1,Basic,1582.8329873032942
66,Wood,Single,2,Basic,1368.4433463557746
23,Wood,Married,2,Standard,2344.0735383464416
49,Concrete,Married,2,Basic,2189.426775439592
67,Concrete,Married,2,Standard,3067.680586009529
11,Concrete,Divorced,2,Standard,3133.095532662052
3,Concrete,Married,3,Premium,3918.537000840585
7,Brick,Divorced,4,Standard,2679.418759659833
16,Brick,Married,3,Standard,3092.273491919853
51,Wood,Married,4,Standard,2603.8318327948477
59,Wood,Single,2,Premium,3476.7551019356174
0,Wood,Married,6,Basic,1046.3229526105024
21,Wood,Married,4,Basic,1244.099164294712
16,Brick,Single,4,Basic,1942.8578135625803
7,Wood,Single,4,Basic,703.3878798476273
3,Wood,Married,5,Standard,2340.253527934713
12,Wood,Married,3,Standard,2100.237321793442
85,Brick,Married,2,Standard,3162.386236676232
11,Wood,Married,3,Basic,1371.147669597473
21,Concrete,Single,4,Standard,3410.3315544545567
36,Wood,Married,4,Basic,1903.4215695069333
13,Wood,Single,3,Standard,1781.9231453217892
100,Brick,Married,2,Standard,3340.777370165504
98,Concrete,Married,3,Basic,2955.340035916984
8,Wood,Married,5,Basic,1009.223651873476
20,Brick,Married,3,Basic,1936.8885006274038
10,Brick,Single,3,Premium,4247.401991755845
10,Wood,Married,2,Premium,2894.8981776548508
1,Concrete,Married,3,Standard,3111.50632648213
28,Brick,Married,4,Basic,1905.355542744598
20,Brick,Single,4,Basic,1585.9245990278473
1,Concrete,Married,4,Standard,2563.771916659395
9,Concrete,Married,3,Standard,2828.2679550713906
71,Brick,Single,3,Basic,1742.4124857144807
8,Concrete,Single,2,Basic,2391.2306234177354
4,Brick,Married,4,Standard,2605.467091823028
20,Brick,Married,3,Basic,1546.2242012858487
100,Brick,Single,3,Basic,2716.7461474363417
8,Brick,Single,3,Basic,1193.4746691432335
33,Wood,Single,5,Standard,2349.9407885986343
43,Concrete,Single,2,Premium,4250.421680774586
8,Concrete,Married,4,Premium,4488.630697427044
39,Wood,Married,2,Standard,2340.5055135506364
13,Concrete,Married,3,Standard,3154.4975427547647
30,Wood,Married,1,Basic,973.435320570805
30,Wood,Single,3,Standard,2370.0707566580327
23,Brick,Married,3,Basic,1740.4958715387763
2,Wood,Married,2,Standard,1511.0083175669192
54,Concrete,Divorced,3,Basic,2503.8237664899452
11,Concrete,Married,5,Basic,2037.8934023246743
6,Brick,Single,2,Basic,1384.324762870247
1,Wood,Married,4,Basic,965.8056175535276
26,Wood,Single,3,Basic,1971.8144868348584
33,Brick,Married,4,Basic,1918.0316848744865
0,Concrete,Single,2,Premium,3378.7281301215235
21,Brick,Single,2,Basic,1469.7459367969227
7,Wood,Married,2,Standard,2025.8076236913664
31,Brick,Single,2,Premium,4112.009183845757
5,Brick,Married,2,Premium,3173.1642800183845
35,Brick,Single,4,Standard,2475.271607792908
14,Wood,Married,4,Premium,3485.0511034292945
82,Brick,Married,4,Basic,2005.8203882301045
4,Brick,Married,4,Basic,1509.1533675477544
12,Concrete,Single,2,Basic,1842.7138543467017
3,Wood,Single,2,Standard,1809.1099640099676
77,Brick,Single,3,Standard,3426.749337122301
62,Concrete,Single,2,Basic,2214.9097153140838
8,Wood,Married,3,Basic,947.8812243499718
32,Concrete,Divorced,3,Standard,3265.7188941151835
50,Brick,Married,3,Basic,1994.8793872556364
24,Wood,Married,3,Standard,2219.3481524123767
22,Wood,Married,4,Standard,2450.801732566774
8,Brick,Married,4,Standard,2933.151852892521
2,Wood,Single,3,Standard,2087.7902346952906
68,Brick,Divorced,5,Premium,4566.075657052766
69,Wood,Married,6,Basic,1615.3330499760568
30,Brick,Married,3,Standard,2765.068309749704
12,Wood,Single,3,Standard,2213.8522644004825
12,Concrete,Married,3,Basic,2288.6823583711353
38,Concrete,Married,5,Basic,2422.2947677298616
68,Concrete,Married,4,Basic,2582.2882175334066
65,Brick,Married,2,Basic,1777.7697974149205
45,Wood,Single,3,Standard,2560.924169967403
30,Brick,Divorced,3,Premium,4060.1643164772627
2,Wood,Single,3,Basic,847.7619678125195
5,Wood,Married,2,Basic,1122.3886940881148
68,Wood,Single,4,Premium,3817.0439427493784
27,Wood,Married,4,Basic,1332.714266851269
0,Brick,Divorced,4,Basic,1536.5847310546094
3,Brick,Single,4,Standard,2853.983409380647
32,Wood,Married,4,Standard,2517.673345036121
0,Wood,Single,3,Basic,1632.7476282942912
5,Concrete,Divorced,3,Basic,1744.3326071008028
23,Wood,Married,2,Basic,1185.4305106089928
35,Wood,Married,4,Standard,2291.239697056546
31,Wood,Single,2,Standard,1849.2139039034068
7,Brick,Divorced,4,Basic,1666.7398588895085
37,Brick,Married,2,Standard,2711.205743822111
8,Wood,Single,2,Premium,3755.452066518028
11,Wood,Married,2,Basic,854.7562552950394
41,Brick,Single,1,Basic,1220.946381154595
31,Brick,Married,4,Standard,2991.9032152483155
56,Wood,Single,4,Basic,1037.6079887360895
32,Concrete,Married,3,Basic,2242.4129652187203
25,Wood,Married,2,Standard,2054.807584688548
2,Wood,Single,2,Premium,3058.3801148835632
13,Concrete,Single,1,Premium,4072.0866748283543
9,Wood,Single,2,Standard,1738.9291143276848
8,Brick,Married,4,Standard,2634.81579561102
100,Wood,Single,2,Basic,1570.1637508167987
14,Wood,Married,3,Standard,1751.5812335576918
66,Concrete,Single,2,Basic,2552.9684338141906
29,Wood,Single,2,Basic,707.9243354210203
47,Concrete,Married,3,Standard,3295.611929828441
20,Wood,Single,3,Standard,1851.4478120302288
25,Wood,Divorced,2,Basic,1214.904955887078
20,Wood,Married,2,Premium,3540.429029779946
6,Brick,Married,3,Basic,1119.5236051590007
38,Wood,Married,2,Basic,624.0944551307292
9,Concrete,Married,2,Basic,1852.5339343949797
0,Wood,Single,6,Standard,2404.7093387873274
31,Concrete,Single,3,Standard,3325.5977920271894
5,Wood,Single,3,Basic,866.1038454296965
84,Concrete,Married,3,Standard,3729.80821035237
92,Brick,Single,3,Basic,2480.2531231621806
73,Brick,Married,3,Standard,3492.1292677934516
13,Concrete,Divorced,4,Basic,1643.485368904515
0,Brick,Married,4,Basic,1489.3181682905613
79,Brick,Married,2,Premium,4154.142638182319
16,Wood,Single,3,Basic,834.6071686167793
100,Wood,Married,3,Basic,2469.3508895301898
99,Concrete,Married,4,Standard,3899.377035931379
57,Brick,Single,3,Premium,4007.6121938978154
10,Brick,Single,3,Basic,1716.8066290526872
14,Wood,Divorced,2,Basic,762.6145633594317
57,Wood,Married,3,Basic,966.0280856586749
11,Wood,Married,2,Standard,1781.4036419250401
5,Brick,Married,3,Basic,1808.8321667781122
24,Wood,Married,2,Standard,1938.9314619644583
82,Wood,Married,4,Premium,3666.0697095623063
35,Wood,Married,2,Basic,1427.7016628508165
25,Wood,Single,3,Basic,1100.767531193084
3,Brick,Married,4,Basic,1476.9517559049348
28,Wood,Married,2,Basic,1124.836826898993
100,Brick,Married,3,Premium,4681.225062885636
4,Wood,Married,3,Basic,1704.5140595197638
21,Wood,Married,1,Basic,1108.170832297227
62,Wood,Married,4,Standard,3067.9519899165034
40,Wood,Married,2,Basic,1048.2101403036434
35,Wood,Married,3,Standard,1992.2395682091571
36,Wood,Married,3,Basic,1328.6994048857368
13,Brick,Single,3,Premium,3612.150974577879
10,Wood,Married,4,Premium,2876.4461775906207
49,Brick,Single,2,Standard,2737.411641028796
49,Concrete,Single,1,Premium,4259.795280515739
60,Brick,Married,4,Basic,2308.118018505424
73,Wood,Married,3,Basic,1831.2863560152816
21,Wood,Divorced,4,Standard,2397.289419041233
20,Wood,Married,4,Standard,2147.897402218983
48,Wood,Married,4,Basic,1425.829812005347
31,Concrete,Married,3,Basic,1900.3145806018372
36,Wood,Married,3,Basic,1845.4325117555286
47,Wood,Single,4,Basic,1574.0351093857878
66,Brick,Single,3,Basic,2042.5440832615445
12,Brick,Single,2,Standard,2141.3623755642625
14,Brick,Married,4,Basic,2620.6973706983335
2,Wood,Single,4,Basic,798.0015903331314
25,Wood,Single,3,Standard,2071.345622318178
1,Brick,Single,2,Standard,2434.751050885818
18,Wood,Divorced,3,Premium,3310.0638897232834
23,Wood,Single,4,Standard,2617.3796165647054
10,Wood,Married,5,Basic,1892.2825523307788
26,Wood,Single,2,Premium,3211.8472966382137
0,Wood,Married,2,Standard,1483.1907600099998
1,Wood,Single,4,Basic,1032.9164624634655
51,Brick,Single,3,Standard,3052.3497117541656
13,Brick,Married,3,Premium,4200.467812451747
4,Concrete,Single,6,Basic,2020.658356472711
22,Wood,Single,2,Basic,1380.7729515675683
44,Wood,Single,3,Basic,1443.974310863925
7,Wood,Single,2,Basic,1121.3491605688441
29,Brick,Single,3,Basic,1709.4015850092203
2,Brick,Single,4,Standard,2367.2702109621023
1,Wood,Married,3,Basic,1185.2618338203997
22,Concrete,Married,6,Premium,4816.329308131686
23,Wood,Married,3,Standard,2471.6170897219167
30,Brick,Single,3,Standard,2746.0086093864093
38,Brick,Divorced,2,Premium,3500.053393004045
100,Concrete,Single,3,Basic,2482.3639014928476
21,Brick,Single,3,Basic,1905.811980441822
11,Concrete,Married,2,Standard,3037.166844733196
47,Wood,Single,3,Premium,3130.265210140812
9,Concrete,Single,3,Standard,2878.4278980110125
17,Wood,Married,4,Basic,1129.972356414568
2,Concrete,Married,4,Premium,3675.1046704052746
0,Brick,Married,4,Basic,1354.6952810184598
98,Concrete,Married,1,Premium,4289.850892958094
54,Wood,Divorced,2,Premium,3216.256296433619
35,Brick,Single,4,Basic,1728.3907505011312
15,Brick,Single,3,Standard,2111.898523739975
5,Brick,Single,1,Basic,1806.7770691708445
5,Wood,Married,4,Basic,1525.762219308769
8,Wood,Married,4,Standard,1946.2941735440043
23,Wood,Divorced,3,Standard,2261.726418996083
37,Wood,Married,2,Premium,3295.2395269463887
32,Concrete,Married,4,Standard,3777.325756432043
9,Wood,Single,3,Basic,794.4184920019763
92,Concrete,Married,4,Premium,5000.0
40,Wood,Divorced,4,Premium,3335.6284087379195
24,Wood,Married,4,Basic,939.241278749416
28,Brick,Single,3,Premium,3947.240967794349
16,Brick,Married,2,Basic,1847.2275272367285
8,Wood,Single,4,Premium,3956.3726920592053
13,Brick,Single,3,Basic,1220.082420472936
42,Brick,Single,4,Basic,2229.6759055242364
0,Wood,Married,2,Basic,677.05962686194
3,Concrete,Married,2,Standard,3065.0076131572096
1,Concrete,Single,4,Basic,1668.853134630625
1,Brick,Single,4,Basic,1231.1690672904308
58,Wood,Married,5,Standard,2597.237553050055
36,Brick,Single,4,Premium,3983.689213700425
19,Wood,Single,3,Basic,947.6756200384934
3,Wood,Married,4,Basic,1327.7163031740258
20,Wood,Married,4,Basic,1608.0683854773742
19,Wood,Single,3,Basic,1319.8732623736068
5,Concrete,Single,3,Premium,4485.63629189826
17,Brick,Single,2,Premium,3594.747988836603
15,Brick,Divorced,3,Standard,2234.93098689795
28,Wood,Married,4,Basic,1789.012954061502
30,Wood,Married,2,Standard,1918.4531293182008
1,Wood,Single,2,Standard,2083.125549905671
14,Concrete,Married,3,Premium,4562.120264966532
29,Wood,Single,2,Standard,2227.00640321912
20,Concrete,Married,2,Standard,2551.1523560506052
58,Brick,Divorced,3,Standard,2754.5363500470626
32,Wood,Married,5,Basic,1966.8233400655406
5,Brick,Married,3,Premium,3449.263194307155
2,Wood,Married,2,Standard,1843.8720604826497
30,Concrete,Single,2,Standard,3327.647324849083
0,Concrete,Divorced,4,Basic,2308.896858624097
26,Wood,Single,3,Standard,2293.6399437156383
84,Wood,Married,4,Standard,2877.39948863386
25,Brick,Single,4,Basic,1756.1994662802929
14,Concrete,Single,4,Basic,2497.369647587403
30,Wood,Married,2,Standard,2266.070859320338
18,Brick,Single,4,Standard,2702.809999814663
23,Brick,Married,2,Standard,2854.633693897942
85,Brick,Married,5,Basic,2561.2897654610647
14,Wood,Single,3,Standard,1834.501347699682
97,Brick,Single,3,Basic,2192.3087903289966
70,Concrete,Married,2,Basic,2206.37774910707
6,Wood,Single,2,Basic,778.2769950188938
2,Wood,Married,4,Basic,1490.1172835008579
3,Concrete,Married,2,Basic,1588.4714456908473
0,Wood,Married,3,Basic,1006.5427283054308
2,Concrete,Married,2,Basic,1622.993196311776
34,Wood,Married,4,Basic,1361.9072876185687
2,Wood,Married,4,Standard,1666.9876364044244
11,Concrete,Single,4,Basic,2143.8385312530386
55,Wood,Single,4,Basic,1591.8883860585113
0,Brick,Married,2,Premium,3462.086383210709
50,Wood,Married,2,Basic,1366.9842739766111
9,Brick,Married,4,Standard,2330.4823625143863
3,Wood,Married,3,Basic,1305.2594732130628
35,Wood,Married,3,Basic,1363.0909120665985
29,Concrete,Divorced,1,Standard,2999.518055153246
62,Wood,Married,2,Standard,2417.2452939844584
39,Brick,Single,1,Premium,3384.672765833334
48,Wood,Married,4,Standard,2645.340701924618
9,Brick,Single,2,Premium,3532.6765307785745
5,Wood,Married,3,Basic,500.0
41,Concrete,Married,1,Basic,1898.3717487961712
49,Wood,Married,4,Basic,1513.5159088789233
100,Wood,Single,3,Basic,2026.8511817082835
15,Wood,Single,4,Standard,2607.9933017781377
13,Wood,Married,4,Standard,1998.4777556209654
44,Brick,Single,3,Basic,1740.6114459546475
12,Wood,Married,5,Premium,3216.239766806035
80,Concrete,Single,6,Premium,4959.541722968637
58,Wood,Single,4,Basic,1575.8440514663212
16,Wood,Single,4,Basic,1491.2406659963913
41,Brick,Married,2,Basic,1393.8493513906963
42,Brick,Married,3,Basic,1998.344318545871
3,Wood,Single,2,Basic,500.0
69,Wood,Single,2,Standard,2321.598601067338
21,Wood,Married,6,Basic,1511.153209934604
52,Brick,Single,3,Basic,2472.4579018742193
11,Brick,Married,4,Premium,3627.5593085741934
67,Wood,Married,4,Standard,2109.6269579647246
14,Concrete,Single,4,Premium,3640.333327941625
0,Concrete,Single,6,Basic,2410.2088759040043
70,Brick,Divorced,2,Basic,2184.131256736973
2,Concrete,Married,1,Standard,2782.636757288176
11,Wood,Married,3,Basic,1110.271031740297
89,Wood,Single,2,Basic,2038.6778792517
90,Wood,Married,1,Standard,2388.1226337788603
25,Wood,Single,3,Standard,2468.4731668080476
29,Brick,Married,4,Basic,1400.3955344920748
17,Concrete,Divorced,3,Basic,1848.5156501185802
10,Wood,Single,3,Basic,507.8875815204551
11,Wood,Single,4,Basic,1127.5464097990623
33,Wood,Single,2,Basic,1116.1216348200971
41,Concrete,Single,1,Basic,2094.230447667956
47,Wood,Single,4,Basic,1588.5650058661406
46,Brick,Single,3,Premium,3631.7340007564817
2,Wood,Married,4,Standard,2062.9277466760354
20,Wood,Married,1,Standard,1400.7659994182754
1,Concrete,Single,4,Basic,2518.968692539675
23,Concrete,Divorced,3,Basic,2088.9121781306
17,Wood,Single,3,Basic,973.3341642868927
65,Concrete,Divorced,3,Basic,3076.6820985332247
12,Brick,Single,4,Basic,1347.3260399352312
3,Concrete,Married,3,Standard,2642.3238657904094
4,Wood,Married,3,Standard,1661.1339025394304
43,Brick,Married,6,Standard,3309.6385854901555
28,Wood,Divorced,4,Basic,1509.4894888912793
3,Brick,Single,3,Premium,3701.90264043535
2,Wood,Divorced,4,Basic,1891.5985952484907
36,Wood,Single,3,Basic,635.1702637397709
2,Wood,Single,2,Basic,1002.6206767373251
51,Brick,Single,3,Standard,2792.860828228331
36,Wood,Married,5,Premium,3434.075455333368
2,Brick,Single,5,Basic,1584.0683615238368
2,Concrete,Married,3,Premium,3697.369098757608
100,Wood,Married,3,Premium,4455.357450381036
14,Brick,Married,2,Basic,1692.6891981041708
13,Wood,Married,6,Basic,1536.9587935672125
50,Concrete,Married,6,Basic,3305.3047257461003
88,Wood,Single,3,Premium,3376.2413104103375
100,Brick,Single,4,Basic,2200.788460600722
41,Concrete,Single,4,Standard,2856.609680341594
14,Concrete,Single,3,Basic,1880.1756379630137
2,Brick,Single,2,Standard,2368.5095580114257
45,Wood,Single,3,Basic,1430.8575733797002
24,Brick,Divorced,4,Standard,2884.8025733179643
16,Concrete,Married,4,Premium,3836.6829506801755
71,Brick,Single,3,Premium,4400.946422784206
3,Wood,Married,5,Premium,3351.8882554716993
20,Concrete,Single,2,Basic,2219.9162844397997
0,Brick,Married,3,Standard,1882.1713467229845
18,Brick,Married,4,Basic,1873.447257639337
1,Wood,Married,4,Basic,753.6704280247419
3,Brick,Married,3,Standard,2360.8030242345912
3,Wood,Divorced,2,Basic,990.309469590915
31,Brick,Married,2,Standard,2637.328081876774
41,Wood,Married,3,Premium,3104.538006066204
26,Brick,Married,3,Basic,1711.8819468553254
98,Concrete,Married,2,Standard,3320.5394054269073
14,Wood,Single,4,Basic,1585.0802187694887
10,Concrete,Single,3,Basic,1988.4147941511246
60,Wood,Single,4,Basic,2035.5649832765978
7,Concrete,Married,4,Premium,4012.040493871187
99,Brick,Married,2,Premium,4132.927203478025
0,Brick,Single,1,Premium,2920.743964008646
100,Brick,Divorced,4,Premium,4862.852179507922
1,Concrete,Divorced,3,Basic,1747.1706528014572
66,Wood,Married,4,Basic,1953.3786297245529
22,Wood,Married,4,Standard,2205.264280699213
100,Brick,Married,4,Basic,2007.211010032514
2,Concrete,Single,6,Basic,2248.90577966406
24,Brick,Married,3,Basic,1336.2675356911454
100,Brick,Single,3,Standard,3460.170817104701
22,Wood,Married,3,Standard,1812.877679297653
29,Concrete,Single,2,Basic,2367.792530214385
35,Wood,Married,3,Basic,1272.6772418940918
18,Brick,Divorced,2,Standard,2426.7212015723785
29,Wood,Single,5,Standard,2736.7676413362747
26,Wood,Married,3,Basic,1499.1720802227587
69,Wood,Divorced,3,Standard,2633.9703744691046
1,Wood,Married,3,Basic,728.6399101352129
9,Brick,Married,2,Basic,857.8091151663612
90,Wood,Married,1,Standard,2344.185072889446
66,Wood,Single,3,Standard,2424.8363260056117
18,Wood,Single,2,Basic,1012.117235897689
29,Wood,Single,3,Standard,2136.455935658592
9,Wood,Married,4,Standard,2396.3798916154283
6,Wood,Single,4,Standard,1976.105018618793
18,Brick,Married,4,Standard,2762.8876499441176
13,Brick,Married,2,Standard,2785.196232959067
26,Brick,Married,4,Basic,1962.54756418649
2,Wood,Married,4,Basic,1101.9887374934306
100,Wood,Divorced,2,Basic,1619.4166674194469
100,Concrete,Married,4,Basic,2910.0305809855067
35,Brick,Married,2,Standard,2394.8160241144155
23,Wood,Married,4,Standard,2167.69794026513
11,Wood,Married,6,Basic,1736.6997516232943
50,Wood,Divorced,1,Basic,1083.4335186123194
34,Wood,Single,4,Basic,1035.0680791856307
5,Wood,Single,3,Basic,1530.450787917935
72,Brick,Married,6,Standard,3715.9895573435488
51,Brick,Married,3,Basic,1537.9169798460491
89,Brick,Married,4,Standard,3357.4453218277527
38,Brick,Married,2,Premium,3713.2659148485254
28,Concrete,Single,3,Basic,2741.377627989213
16,Brick,Married,2,Basic,1127.5662625223392
80,Concrete,Married,6,Basic,3492.812215806784
60,Wood,Married,4,Standard,3119.8459280917027
1,Wood,Married,4,Standard,1921.403708477629
0,Wood,Divorced,5,Basic,1166.74591434193
14,Brick,Single,2,Standard,2129.107225787869
49,Concrete,Married,3,Premium,4378.961657675908
100,Wood,Married,2,Basic,1789.0230076971206
4,Concrete,Married,2,Basic,2037.8949994247112
27,Wood,Married,2,Premium,3397.055041306134
14,Concrete,Single,3,Standard,2865.571180613506
100,Wood,Single,2,Premium,3209.8024807322017
55,Wood,Single,2,Standard,2343.626566217127
54,Wood,Married,2,Premium,3428.0612589905923
18,Wood,Single,2,Basic,1054.8253063055124
16,Wood,Single,6,Standard,2461.9980257472866
9,Wood,Divorced,4,Premium,3227.4256298991804
1,Concrete,Single,6,Standard,3864.6334425056743
60,Brick,Divorced,3,Basic,2164.5202506887526
50,Wood,Married,2,Basic,1187.9894724990747
100,Brick,Married,4,Basic,2449.9406548712013
100,Brick,Single,3,Basic,2399.0442926966807
24,Wood,Single,2,Basic,1531.021988549192
43,Wood,Married,2,Standard,2175.009787142141
86,Wood,Married,2,Standard,2654.0616966437874
56,Wood,Married,2,Basic,1215.305928719109
8,Brick,Single,3,Standard,2859.6950072325894
17,Wood,Married,4,Basic,1857.9511764234026
4,Brick,Married,2,Basic,1475.1839148294166
92,Brick,Married,2,Basic,2244.831871135628
27,Wood,Married,4,Standard,2381.0348499522706
7,Brick,Married,2,Basic,654.7079633642763
33,Wood,Married,3,Basic,1503.5452592854451
28,Concrete,Single,4,Basic,2420.249924798753
13,Wood,Married,2,Premium,3058.5026151982174
3,Concrete,Single,2,Basic,1616.5613417748887
33,Brick,Married,3,Standard,2664.6629363068723
22,Wood,Married,3,Standard,2046.692519049048
44,Brick,Single,3,Standard,3196.4868952219117
22,Concrete,Single,4,Premium,4206.372049019072
57,Brick,Single,2,Basic,2494.798096632939
24,Concrete,Married,3,Basic,2319.258725704511
24,Concrete,Divorced,3,Premium,3807.2952020012804
62,Wood,Single,2,Basic,1381.436112024413
15,Wood,Divorced,3,Standard,1904.4974633530753
4,Brick,Married,2,Standard,1681.6852590539927
0,Wood,Single,3,Standard,2429.841282034137
42,Concrete,Single,2,Premium,4430.942762666001
29,Concrete,Married,3,Premium,4399.962195369793
36,Wood,Married,3,Standard,2359.6210980899114
7,Wood,Married,4,Basic,755.3947293922687
4,Brick,Single,2,Premium,3194.914858133369
0,Wood,Single,3,Basic,1202.5342324352039
12,Concrete,Married,3,Basic,1754.6339910652491
26,Wood,Single,4,Premium,2600.4692051247557
14,Brick,Single,3,Basic,1521.8681976657222
17,Wood,Single,4,Basic,1227.4727337917384
70,Brick,Married,4,Basic,2340.669024924413
12,Wood,Divorced,4,Premium,3438.555593054361
21,Brick,Married,3,Standard,2851.2817436693626
45,Wood,Divorced,3,Standard,2477.6309415731766
15,Brick,Single,4,Basic,2108.6594164260127
29,Concrete,Married,6,Standard,3234.3090657560056
59,Wood,Single,4,Standard,2841.374544343217
89,Wood,Married,3,Basic,2027.9615090010827
4,Wood,Divorced,2,Basic,500.0
78,Brick,Married,3,Basic,1779.1388173952832
20,Brick,Single,4,Premium,3576.2173620573194
8,Brick,Married,3,Standard,2331.5375672454124
18,Wood,Single,3,Premium,3356.0258390507292
100,Wood,Married,4,Basic,1915.6383648926715
20,Brick,Married,3,Standard,2393.095444515639
11,Wood,Married,4,Standard,2026.5098789916324
30,Concrete,Married,3,Standard,3585.5897002462634
8,Wood,Married,3,Premium,3033.913012313086
2,Brick,Single,3,Basic,1416.2246923929265
4,Wood,Married,4,Basic,1106.9983503896847
4,Wood,Single,2,Standard,2227.618100297957
4,Brick,Married,2,Standard,2115.2484820190275
4,Brick,Married,6,Standard,3334.652487282031
30,Concrete,Married,2,Basic,2163.1488896764513
6,Wood,Married,3,Standard,1961.8741854073958
12,Wood,Married,3,Basic,1820.2701493802845
68,Brick,Single,3,Basic,1813.308153060421
19,Brick,Married,3,Standard,2533.894272129898
33,Wood,Single,2,Standard,1760.2706282508
5,Wood,Married,3,Basic,1285.7385911608508
6,Wood,Single,3,Basic,1516.7566800955037
1,Concrete,Single,4,Basic,2610.9768344213917
5,Wood,Married,2,Basic,1217.1846259438014
9,Wood,Single,3,Standard,1980.7138596612103
5,Wood,Married,2,Premium,2740.427706753046
2,Wood,Single,2,Basic,500.0
3,Wood,Single,2,Standard,2440.762060554538
18,Brick,Married,2,Premium,3620.6934234445403
6,Wood,Single,4,Premium,3012.412928539155
13,Concrete,Single,2,Basic,2328.4170666960904
21,Wood,Married,5,Premium,3168.1706449719995
35,Brick,Single,6,Basic,2371.986610266802
1,Concrete,Married,3,Basic,1908.2112597127496
48,Brick,Single,2,Basic,1971.6031419640904
29,Brick,Single,3,Basic,1720.9279382441637
2,Wood,Married,4,Basic,684.7216326666328
62,Wood,Single,3,Basic,1592.6729118010114
76,Brick,Single,2,Basic,2374.6592425626086
1,Concrete,Single,3,Premium,3951.2350782438043
9,Brick,Single,4,Premium,3922.534536476726
49,Brick,Married,4,Basic,1776.341154297784
41,Brick,Single,2,Premium,3702.1217620190446
6,Wood,Married,4,Premium,2972.646863473427
7,Wood,Married,2,Standard,2094.094252031413
13,Brick,Married,2,Basic,1439.4474686785986
19,Concrete,Divorced,4,Standard,3497.0221029009836
28,Wood,Single,2,Premium,3406.3131278473597
13,Brick,Divorced,2,Standard,2637.4855725364164
18,Wood,Single,1,Basic,911.9355302880932
41,Brick,Married,4,Standard,2710.536322446578
1,Wood,Married,4,Standard,2109.1641667999297
8,Wood,Single,3,Standard,1870.07287939525
37,Brick,Married,4,Basic,1866.7808129887321
67,Wood,Married,2,Basic,1357.6397547749248
21,Brick,Single,3,Premium,3366.0223275653266
22,Brick,Single,3,Premium,3082.798423259803
3,Concrete,Married,2,Basic,1629.55708550167
17,Wood,Married,3,Premium,3178.013835577248
22,Wood,Divorced,5,Basic,1065.5468863717529
8,Wood,Married,1,Standard,1734.7046709414874
9,Concrete,Divorced,2,Standard,3460.0805272932894
14,Concrete,Married,2,Premium,4246.916966575672
0,Brick,Single,2,Premium,3793.062452736159
11,Concrete,Single,5,Basic,2477.338363079818
7,Brick,Married,3,Premium,3870.2529468959337
11,Brick,Married,3,Basic,1342.8105808596638
3,Wood,Single,4,Standard,1936.6979198934048
66,Brick,Single,2,Standard,2138.2579381587584
27,Wood,Divorced,3,Standard,2575.8436422126897
34,Concrete,Married,3,Basic,2752.097193945966
46,Brick,Married,3,Premium,3744.046826395819
20,Brick,Married,6,Basic,2023.8144880808295
2,Wood,Single,4,Basic,893.8413658927116
23,Wood,Single,3,Standard,2294.7960654432472
26,Wood,Single,4,Basic,1697.4797635909722
41,Wood,Single,2,Premium,2687.1684078356875
16,Wood,Married,1,Basic,932.8315591926757
4,Concrete,Married,2,Basic,1756.9984684842564
10,Brick,Married,3,Premium,3584.018317590007
13,Wood,Married,3,Standard,2217.6982005022874
31,Wood,Single,3,Basic,1203.5392683681537
25,Wood,Married,5,Standard,2468.923943978266
13,Brick,Married,3,Standard,2515.8374497336085
100,Brick,Married,3,Standard,3741.0948605364842
27,Concrete,Single,2,Basic,2195.627988038249
8,Wood,Married,1,Premium,2796.1750613212084
3,Concrete,Married,3,Premium,3598.714483672315
4,Concrete,Single,3,Standard,2876.426077036054
8,Wood,Single,4,Basic,1449.6007481017523
5,Concrete,Married,2,Premium,3861.308971937177
6,Wood,Married,1,Standard,1907.8594408767415
10,Concrete,Single,3,Standard,3579.95354009829
5,Wood,Married,2,Basic,1161.5818207626448
68,Concrete,Single,1,Premium,4357.947501309923
2,Concrete,Married,4,Standard,2966.703248941282
22,Concrete,Single,2,Basic,1253.9351211832304
15,Brick,Married,3,Basic,1549.4845232581442
100,Wood,Single,2,Premium,3702.1962512549453
3,Wood,Single,2,Basic,947.1098583186127
15,Wood,Single,3,Premium,3053.8284319075938
100,Wood,Single,4,Standard,3003.8844821689618
60,Brick,Married,3,Standard,2516.180320847834
50,Wood,Single,4,Basic,1318.00965125498
8,Concrete,Married,2,Basic,2022.9953122401673
5,Brick,Single,4,Premium,4164.772289339809
33,Concrete,Single,2,Basic,2100.742384876313
79,Wood,Single,4,Standard,2988.343322072237
24,Concrete,Single,3,Basic,2475.7434470858416
25,Concrete,Single,5,Basic,2256.731819139925
9,Wood,Married,3,Basic,1150.0442129856326
44,Brick,Married,2,Standard,2517.8529681003524
6,Brick,Married,1,Premium,3469.4473315473033
11,Wood,Married,4,Basic,1255.4209143855198
16,Brick,Married,3,Basic,1699.5355441944318
21,Wood,Single,4,Basic,1075.2204207744232
8,Wood,Married,2,Standard,2092.1097078832354
3,Wood,Divorced,3,Basic,1605.413876369305
28,Wood,Married,1,Premium,2627.626491371538
10,Wood,Married,6,Standard,2398.072297705743
26,Wood,Single,4,Standard,2429.4822422504276
5,Concrete,Married,5,Basic,2535.921863598745
19,Brick,Married,2,Premium,3322.1361144131592
22,Concrete,Married,3,Basic,1320.090912957178
1,Wood,Divorced,4,Basic,1517.7568482492075
12,Wood,Single,3,Standard,2298.151835875243
4,Brick,Single,4,Standard,2117.1157408540003
1,Wood,Married,5,Basic,1077.7293624661334
100,Wood,Married,4,Basic,2570.454728858198
11,Brick,Single,4,Standard,3144.33892553736
49,Wood,Single,2,Basic,1571.5920068036835
8,Brick,Single,2,Premium,3327.1662698120413
34,Brick,Single,6,Standard,3264.896225643753
42,Wood,Married,1,Basic,1030.722258462162
27,Wood,Married,4,Basic,1708.4719349806512
19,Brick,Single,4,Basic,1527.247278051467
15,Wood,Single,3,Standard,1858.2601035347386
12,Wood,Single,6,Standard,2823.0823760508047
79,Concrete,Single,3,Basic,2726.6915633465314
53,Wood,Married,3,Standard,2893.5402066361426
100,Brick,Divorced,2,Premium,4098.5463379058365
3,Concrete,Married,3,Basic,1963.5664918983525
39,Wood,Single,2,Premium,2913.276104546814
83,Wood,Married,3,Basic,1782.2088044270702
5,Wood,Married,4,Basic,706.4359189003603
2,Wood,Married,5,Basic,1123.709973713511
40,Wood,Married,2,Basic,769.1238405215647
25,Brick,Single,3,Basic,1908.1769699573774
55,Wood,Single,5,Basic,2014.9768019278954
4,Brick,Single,2,Premium,2820.9211808546966
47,Concrete,Single,2,Premium,4670.1657236501715
6,Concrete,Single,2,Standard,3609.224537925956
5,Brick,Married,3,Basic,1513.8019160209024
5,Wood,Married,2,Basic,657.6657219326066
50,Brick,Married,6,Basic,3247.299177300914
32,Brick,Single,3,Standard,2374.3094505092467
22,Wood,Divorced,3,Premium,3176.0319400607295
13,Wood,Divorced,2,Basic,983.886681789577
62,Concrete,Married,3,Basic,2973.544286135724
14,Wood,Divorced,4,Standard,2347.9216925380365
50,Wood,Married,4,Basic,1450.4098312634646
17,Wood,Divorced,4,Basic,984.6446888836132
14,Wood,Single,3,Standard,1987.4534539261592
18,Concrete,Single,5,Standard,3127.921791716457
10,Brick,Single,4,Basic,1714.3475959354048
41,Brick,Single,4,Basic,1840.741146041854
20,Wood,Single,2,Premium,2551.788662013075
7,Wood,Married,1,Basic,1096.5437365124712
68,Wood,Married,2,Basic,1330.6982429712882
14,Wood,Married,4,Basic,859.5589585074063
23,Wood,Single,3,Basic,1129.5222596537376
71,Brick,Married,3,Basic,2180.5114697902977
29,Wood,Married,4,Premium,2866.05998232629
3,Brick,Single,4,Basic,1729.4943001377287
84,Wood,Married,5,Basic,1775.8527293929205
29,Wood,Single,3,Standard,2753.308642757236
12,Wood,Single,4,Standard,2377.1881536230203
4,Concrete,Divorced,2,Premium,3720.030002967205
47,Concrete,Single,2,Premium,4046.4496689047946
29,Concrete,Married,2,Basic,2058.509687730913
22,Wood,Married,3,Standard,2353.837222474987
67,Wood,Married,3,Basic,1612.3517614244402
46,Brick,Single,4,Premium,3994.852357858943
4,Wood,Single,2,Basic,857.5110872453687
11,Concrete,Single,4,Premium,4028.8423206289135
8,Wood,Married,3,Standard,1927.0382219470887
40,Wood,Married,2,Basic,574.2622683284987
1,Wood,Single,3,Standard,2252.1178692557105
25,Wood,Divorced,2,Premium,3139.6393340965287
43,Brick,Married,3,Premium,3647.963246789971
62,Wood,Single,3,Basic,2139.6204944065717
12,Wood,Married,2,Standard,1946.104944117716
51,Wood,Married,2,Basic,999.156928407441
3,Wood,Single,3,Basic,1237.0212264411375
56,Brick,Single,5,Basic,2429.414464952779
4,Concrete,Married,3,Basic,2108.373995645266
15,Concrete,Married,4,Premium,4122.2733186045225
47,Brick,Married,4,Basic,2205.14871713341
4,Wood,Married,5,Premium,3211.4725129336716
7,Brick,Single,4,Basic,1836.7824354937527
38,Wood,Single,3,Basic,758.5166637968083
38,Wood,Married,4,Basic,1349.8379611062433
30,Concrete,Single,4,Basic,2916.6465293424585
35,Wood,Single,3,Basic,1069.87976337991
23,Concrete,Married,3,Basic,1998.848510752044
8,Wood,Divorced,1,Standard,1595.6115984650075
12,Brick,Married,4,Basic,1355.558159233407
6,Brick,Married,4,Basic,997.5157671315244
71,Concrete,Single,2,Basic,2440.824080442916
26,Brick,Divorced,3,Premium,3750.757827224497
15,Brick,Single,3,Premium,3584.2484794384045
18,Wood,Divorced,2,Basic,936.536431415634
88,Brick,Divorced,6,Basic,2792.9122612551164
4,Wood,Married,2,Basic,1146.8524414652293
26,Brick,Divorced,2,Premium,3502.866144221235
21,Brick,Married,3,Basic,1487.775226873819
28,Brick,Single,4,Basic,1795.6623545335742
0,Wood,Married,1,Basic,823.8040279270327
61,Wood,Married,4,Basic,2133.608063562975
80,Brick,Single,3,Basic,2061.5568782492464
24,Wood,Married,2,Standard,2069.680136108665
35,Wood,Divorced,2,Basic,1251.5072325807878
76,Wood,Single,3,Standard,2412.2265979813533
36,Concrete,Married,2,Basic,2166.1251501638753
4,Brick,Divorced,5,Basic,1350.2978427973715
25,Wood,Divorced,4,Premium,2819.2849088781804
27,Wood,Divorced,6,Basic,1780.0239223676772
16,Wood,Married,2,Premium,2844.837577600765
40,Brick,Divorced,6,Standard,3360.684122286366
81,Brick,Married,3,Basic,2254.631506897495
77,Wood,Single,3,Premium,3427.079985400861
17,Wood,Married,2,Basic,956.4237094106991
3,Wood,Married,2,Premium,2460.0696084955434
100,Brick,Single,4,Basic,3017.2917074004204
54,Brick,Married,3,Premium,3583.2088965420107
3,Wood,Married,2,Basic,771.2644187094256
76,Wood,Single,3,Standard,2397.3185235858255
61,Wood,Married,2,Standard,2581.1263520082384
21,Concrete,Married,3,Premium,4060.5705886155492
26,Wood,Married,3,Premium,3054.399984113637
15,Brick,Single,4,Premium,4005.9604635154665
1,Brick,Single,4,Premium,3618.829177503266
12,Wood,Single,3,Basic,1224.9933337807902
48,Wood,Divorced,3,Basic,1135.6022190447607
0,Wood,Single,3,Basic,528.554916821748
12,Brick,Married,4,Basic,1752.16238861204
15,Brick,Single,3,Basic,1504.3460933515807
23,Brick,Single,2,Standard,2717.9304017361833
75,Brick,Married,2,Basic,2026.027464201235
12,Wood,Married,3,Standard,2131.522601770389
12,Concrete,Single,3,Basic,1582.985241017627
40,Brick,Married,4,Basic,2566.5310818842772
18,Wood,Single,2,Standard,1930.7274044903904
7,Concrete,Married,3,Standard,3229.27609110176
18,Brick,Married,4,Standard,2529.172498934112
4,Brick,Single,4,Standard,2732.4029706652022
5,Brick,Single,3,Basic,1109.1465709425765
20,Concrete,Single,3,Standard,3285.6203514779013
16,Brick,Divorced,3,Basic,1503.2077746842501
73,Wood,Divorced,5,Basic,1988.7571511806702
13,Wood,Single,2,Basic,1139.3922090390292
26,Concrete,Married,5,Basic,2140.237906633916
30,Wood,Single,4,Basic,1194.652480816161
0,Wood,Single,3,Premium,3087.1972843260296
32,Wood,Married,1,Premium,3599.4664423640243
5,Wood,Divorced,3,Basic,958.5752996015555
97,Brick,Divorced,3,Basic,2597.3408353771797
4,Concrete,Married,2,Basic,1807.908559042456
16,Wood,Single,4,Basic,1842.6736784268899
2,Wood,Married,6,Premium,2895.8334999104236
100,Wood,Single,3,Basic,1978.3863134008075
20,Concrete,Married,4,Standard,2812.3367899313816
27,Brick,Single,2,Basic,818.028528838985
2,Wood,Married,3,Premium,3059.238615935345
41,Concrete,Single,2,Basic,2251.8493388442375
7,Concrete,Single,3,Standard,2934.5489186773398
68,Concrete,Divorced,5,Basic,2898.141772988074
6,Concrete,Single,4,Standard,4089.4898302213774
6,Wood,Married,2,Basic,782.5474585905697
1,Brick,Single,3,Basic,1613.0373083750223
19,Wood,Single,3,Premium,2945.1905541158358
24,Concrete,Single,3,Premium,4278.569772512181
2,Brick,Single,4,Premium,3548.529897483315
44,Brick,Married,4,Standard,2916.844455181081
18,Brick,Single,3,Premium,4175.669559660098
22,Wood,Divorced,3,Basic,1523.1554889553017
17,Brick,Married,2,Basic,1511.0239942197693
15,Concrete,Married,2,Basic,1258.73641921681
24,Concrete,Married,3,Standard,3081.6972330242293
5,Wood,Married,3,Basic,1810.908269321525
6,Wood,Married,4,Basic,1090.8015000080875
59,Wood,Single,4,Standard,3020.965271616097
87,Brick,Single,2,Premium,4602.58272058578
14,Concrete,Married,3,Basic,2155.6891747567925
9,Wood,Divorced,2,Basic,637.4535104395543
30,Brick,Married,2,Basic,869.4063004651334
15,Concrete,Married,4,Basic,2455.2489625826865
0,Brick,Married,1,Basic,905.5731991529356
5,Brick,Married,3,Standard,2552.845135566308
37,Brick,Married,2,Standard,2295.0538981231907
32,Brick,Single,4,Standard,2840.4287378589393
0,Wood,Married,3,Basic,960.115716470316
7,Brick,Single,2,Premium,3450.5780743132896
7,Brick,Single,3,Basic,1185.5533437942759
33,Concrete,Married,4,Basic,2789.073284628406
0,Brick,Single,6,Premium,3720.9315645804086
3,Brick,Single,2,Basic,827.6591618640264
48,Wood,Single,4,Basic,1547.292974010961
5,Wood,Divorced,5,Premium,3310.312592707938
31,Wood,Married,5,Basic,1608.176829951528
8,Wood,Married,3,Standard,2438.6397211055237
3,Brick,Married,3,Basic,1409.0653489792421
8,Concrete,Married,3,Standard,2994.1141126893685
38,Wood,Single,4,Basic,1149.0446856300719
58,Wood,Married,3,Basic,1776.166050866369
53,Concrete,Married,4,Standard,3685.292719223431
15,Wood,Married,3,Basic,973.9916818117513
33,Brick,Single,4,Basic,1358.597591960361
6,Brick,Married,4,Basic,2093.3236585165264
10,Brick,Married,2,Basic,1031.6960106631827
67,Wood,Single,4,Basic,1592.6165971890882
0,Wood,Married,3,Basic,1057.5033533228009
2,Brick,Single,4,Premium,3261.032621414994
6,Brick,Single,3,Basic,1061.947066524057
0,Wood,Married,3,Basic,500.0
6,Brick,Single,5,Basic,2026.2990858716907
26,Wood,Married,2,Basic,896.4441265821034
16,Brick,Married,4,Premium,4638.181027741999
66,Wood,Single,3,Basic,1311.6934803107379
51,Concrete,Divorced,3,Premium,4183.564692971324
12,Wood,Single,3,Basic,900.3821089143796
9,Wood,Single,3,Standard,2112.9403965415468
14,Wood,Single,3,Standard,1948.9389983644066
26,Wood,Single,1,Premium,3093.6996642007534
9,Concrete,Single,2,Standard,2596.423483003404
29,Concrete,Married,1,Standard,2525.5224844609256
15,Wood,Divorced,6,Basic,1010.5355781772678
24,Wood,Single,6,Basic,972.927749618841
17,Brick,Married,3,Premium,3464.5792941574828
10,Concrete,Married,4,Basic,2109.7059062820335
88,Brick,Married,3,Basic,2140.568891755045
43,Wood,Married,4,Standard,2903.0217391561487
4,Wood,Single,4,Basic,1508.4090628824406
60,Brick,Single,5,Premium,4249.559103766649
20,Wood,Married,3,Standard,1611.823666042411
67,Brick,Married,4,Standard,3099.988467583484
48,Wood,Single,2,Premium,3100.0535818248813
16,Brick,Single,6,Basic,1862.8595113165825
0,Wood,Divorced,1,Basic,500.0
9,Brick,Married,3,Basic,1343.9611312825577
23,Wood,Divorced,4,Basic,1214.0375152306722
30,Brick,Married,4,Standard,2709.337670355333
8,Wood,Single,2,Premium,2942.4967525876777
4,Brick,Married,5,Basic,1898.1106147714584
54,Brick,Married,2,Basic,1566.806473845253
100,Brick,Single,3,Premium,4831.31959780211
22,Brick,Married,2,Basic,1225.9813094478159
5,Brick,Married,3,Basic,1014.6598158553988
9,Concrete,Single,3,Basic,2154.2334214095154
0,Wood,Married,3,Premium,2704.7775596756983
73,Concrete,Married,2,Standard,3626.387441227216
3,Wood,Divorced,2,Standard,1108.8994196698409
25,Wood,Single,3,Premium,3617.73678244492
9,Wood,Single,4,Basic,1391.6880224121207
24,Wood,Married,4,Basic,889.8570352510994
31,Brick,Single,2,Premium,3166.366862846114
53,Brick,Married,3,Basic,2481.679771229258
6,Brick,Married,2,Standard,2138.7860289506125
0,Brick,Single,1,Premium,2899.744545380213
4,Wood,Married,4,Standard,1460.1843717552151
69,Wood,Married,3,Standard,2534.7665383195335
62,Wood,Single,2,Premium,3351.6841155492743
27,Wood,Divorced,2,Premium,3284.6479290308457
27,Wood,Married,1,Basic,500.27647154465734
32,Wood,Married,4,Basic,963.9139623278171
5,Brick,Married,6,Basic,2085.288790432943
73,Brick,Married,2,Standard,3332.0190213681194
16,Concrete,Divorced,2,Basic,1488.654294664635
14,Concrete,Married,4,Standard,3564.4542258899223
21,Brick,Married,5,Basic,1971.2625524460464
1,Wood,Married,3,Standard,2287.541601722394
5,Brick,Single,2,Basic,1328.933891544715
40,Brick,Married,1,Standard,1793.3166247536149
2,Wood,Single,3,Standard,1924.4097853051883
27,Wood,Single,3,Basic,1538.043145601381
8,Concrete,Single,1,Basic,1461.8761942748856
14,Wood,Divorced,3,Standard,1973.6105093277642
10,Brick,Married,1,Basic,1197.1599489347066
13,Brick,Married,4,Basic,860.1458360394554
38,Wood,Married,3,Premium,3831.4042726312427
10,Wood,Married,1,Standard,1479.5872960308477
25,Wood,Divorced,3,Premium,3351.7206297418397
19,Wood,Married,3,Basic,1113.9896591555373
32,Wood,Single,6,Basic,2097.285716907808
82,Concrete,Single,3,Premium,4891.816836728424
39,Wood,Married,2,Standard,2119.5227185437075
7,Brick,Married,4,Standard,2401.945472244216
0,Wood,Single,2,Basic,1039.3552104146418
9,Concrete,Single,5,Basic,1777.967608813615
27,Wood,Married,3,Basic,1413.7671260827678
1,Wood,Single,3,Basic,630.2865745335382
20,Concrete,Married,2,Basic,2375.685098586992
27,Concrete,Divorced,3,Basic,2268.3898627988087
12,Wood,Married,4,Premium,3413.2371303550326
44,Concrete,Single,4,Basic,2564.5966441474156
3,Wood,Married,2,Standard,1304.286871457701
2,Wood,Married,2,Premium,2561.7812509813984
39,Wood,Married,4,Standard,2691.7168012834145
20,Wood,Divorced,5,Basic,1499.9967452079532
34,Brick,Single,2,Standard,2994.2969715917015
17,Wood,Married,3,Standard,2240.9823689111518
8,Wood,Married,3,Standard,1739.989432789202
51,Brick,Married,4,Standard,2871.18075868381
48,Brick,Single,2,Premium,3810.8752171569713
35,Wood,Married,2,Standard,1455.7867801999682
9,Brick,Married,4,Basic,2192.0325656868954
26,Wood,Single,2,Standard,2192.524020913267
13,Brick,Single,3,Basic,1948.1103791146616
2,Brick,Married,3,Premium,2995.8188177572492
74,Concrete,Single,3,Basic,3063.3695481065765
4,Wood,Single,3,Basic,1659.4496733083247
90,Wood,Single,3,Premium,3453.736493386805
17,Wood,Married,2,Standard,2201.42053847113
